GLISAN JR BEN F,ben,market,enron,credit,david,capac,close,metal,j,effort,mark,michael,team,call,sale,raptor,john,f,facil,transact,subject,r,cc,chris,ene,greg,communicationsenron,andrew,dave,glisanhouectect,allegheni,bank,p,jim,kevin,financ,new,complet,thank,louis,entir,pleas,trade,report,w,ani,import,celebr,physic,20,jordan,structur,peaker,ann,price,busi,news,rodney,matthew,peter,jeffrey,exist,communic,richard,gwhalleynsf,kenneth,3,debt,pm,whalleyhouectect,cost,end,million,origin,receiv,know,like,commit,delaineyhoueese,lori,swap,fastowhouectect,clive,deriv,mitrohouectect,angela,lesli,jinsung,berney,phillip,millerenronenronxg,tax,1,elizabeth,lay,liquid,janic,janin,order,scott,tweedhouectect,warren,willhouectect,jame,name,l,tregareuenronenron,robert,benjamin,keenanhouectect,manncorpenronenron,cris,timothi,attach,sagerhouectect,posit,larri,need,thoma,concern,brownlonectect,lloyd,rick,joseph,kopperhouectect,mitch,melissa,theresa,c,catharina,howard,addit,mike,fund,donahuehouectenron,novemb,bill,ross,everyon,grant,kristichhouectect,yesterday,rais,janet,215,paul,warrant,millerhouectect,inventori,d,loss,exceed,creation,simpsonhouectect,bn,confer,justin,carolyn,announc,kay,long,homcohouectect,line,congratul,default,m,robinsoncorpenronenron,eghneimcorpenronenron,detail,william,2000,ron,follow,rogershouectect,hansenhouectect,gus,prestohouectect,sheila,approxim,compani,meet,jacobyhouectect,jodi,day,kellermeyerhouectect,base,could,think,virgohouectect,boothnaenronenron,sell,find,tuesday,zimmermanenron,much,moorehouectect,hoffhouectect,week,jeff,manag,
 ,43,40,39,39,32,27,24,21,21,19,19,18,18,18,18,17,16,15,15,15,15,15,15,15,14,14,14,14,13,13,13,12,12,12,12,12,12,12,12,11,11,10,10,10,10,10,10,9,9,9,9,9,9,9,9,9,9,9,9,9,9,9,9,8,8,8,8,8,8,8,7,7,7,7,7,7,7,7,6,6,6,6,6,6,6,6,6,6,6,6,6,6,6,6,6,6,6,6,6,6,6,6,6,6,6,6,6,6,6,6,6,6,6,6,6,6,6,6,6,6,6,6,6,6,6,6,6,6,6,6,6,6,6,6,6,6,6,6,6,6,6,6,6,6,6,6,6,6,6,6,6,6,6,6,6,6,6,6,6,6,6,6,6,6,6,6,6,6,6,6,6,5,5,5,5,5,5,5,5,5,5,5,5,5,5,5,5,5,5,5,5,5,5,5,5,5,5,5,5,5,
CALGER CHRISTOPHER F,louis,product,subject,would,f,christoph,kitchen,chris,cc,pm,dwr,call,get,deal,approv,agreement,power,pleas,cost,origin,time,turbin,ani,price,contract,work,jeff,2702pst,regard,enron,calger,issu,like,project,want,forward,re,year,sale,sempra,credit,need,may,us,calgerpdxectect,week,requir,rate,portland,today,pastoria,ena,know,interest,market,discuss,propos,1,day,jdasovicnsf,term,california,trade,go,procur,sent,next,done,tri,comment,develop,creat,gas,messag,think,draft,util,financ,put,puc,custom,new,let,attach,structur,mike,dave,thank,one,keep,close,look,2001,tim,calpin,2,take,energi,relat,review,purchas,onli,month,dale,revenu,5,two,total,updat,allegheni,mechan,expect,friday,also,respons,chang,cdwr,make,generat,bid,michael,problem,west,manag,start,valu,procedur,option,payment,monday,risk,still,oper,veri,cst,fyi,transfer,bond,john,embed,posit,20,last,per,amita,center,desk,negoti,letter,group,sell,transport,las,calgerpdxect,chip,financi,short,activ,vega,use,creditworthi,david,independ,receiv,core,water,tomorrow,sheet,5034643735,pay,file,good,schedul,meet,buy,j,book,provid,sign,say,note,morn,doe,final,ben,toll,offic,busi,commit,continu,lawyer,includ,state,support,offer,team,capit,talk,15,coupl,
 ,197,167,147,132,131,130,121,111,109,106,104,102,101,95,93,92,87,85,84,83,81,81,81,81,81,78,78,77,77,76,76,76,73,71,69,67,66,63,63,62,60,59,58,58,57,56,55,54,54,53,51,49,49,48,48,48,47,47,47,46,46,46,46,46,46,46,45,44,44,44,43,43,43,43,42,42,42,42,41,41,41,40,40,40,40,40,39,39,39,39,38,38,38,37,36,36,36,36,35,35,35,34,34,34,33,33,33,32,32,32,32,32,32,32,31,31,30,30,30,30,30,30,29,29,29,29,29,29,29,29,28,28,28,28,28,28,28,27,27,27,27,27,27,27,27,27,27,26,26,26,26,26,25,25,25,25,25,25,25,25,25,24,24,24,24,24,24,24,24,24,24,24,24,24,24,24,24,23,23,23,23,23,23,23,23,22,22,22,22,22,22,22,22,21,21,21,21,21,21,21,
DELAINEY DAVID W,david,w,pm,forward,subject,regard,cc,delainey,would,ddelainnsf,enron,delaineyhouect,pleas,delaineyhouectect,ena,need,market,john,manag,deal,meet,dave,get,like,busi,time,power,work,discuss,project,ani,thank,know,mark,group,team,issu,us,gas,let,year,plan,j,20,think,guy,review,want,new,one,may,week,cost,energi,price,follow,includ,valu,call,provid,go,origin,current,m,develop,also,re,2000,unit,make,r,veri,complet,report,communic,look,approv,trade,risk,asset,jeff,generat,list,take,interest,servic,transact,schedul,janet,could,america,attach,support,chang,1,process,plant,2001,rob,next,well,see,custom,offic,structur,mike,l,kevin,peopl,turbin,opportun,compani,suggest,inform,jame,continu,howev,ee,2,coal,c,joe,addit,date,last,onli,given,agreement,product,d,give,two,question,commerci,kay,posit,requir,number,move,believ,good,help,3,day,industri,detail,strategi,util,use,close,term,e,direct,perform,scott,offer,back,organ,respons,houston,ensur,effort,thought,corp,capit,point,increas,oper,system,month,understand,note,agre,base,build,execut,north,avail,tim,staff,come,communicationsenron,sale,jim,lavoratocorpenronenron,first,brian,set,wes,europ,put,ask,million,email,rick,chris,invest,expect,befor,richard,
 ,5944,5245,4150,3705,3584,3499,3435,3360,3131,2924,2846,2389,1944,1862,1794,1747,1732,1724,1703,1679,1558,1547,1539,1512,1500,1469,1462,1452,1414,1352,1308,1303,1292,1249,1230,1206,1206,1201,1200,1169,1128,1086,1058,1047,1046,977,975,940,938,934,924,915,904,891,860,858,856,851,847,841,825,824,822,819,806,797,796,793,776,773,773,770,759,753,752,749,746,744,724,723,714,711,702,701,684,673,670,662,657,654,653,653,652,649,646,645,626,616,611,610,609,603,600,595,595,591,589,589,587,585,581,580,580,576,571,570,570,568,567,566,561,560,558,551,549,548,546,545,540,536,536,534,533,532,532,517,515,514,512,509,508,506,505,499,497,493,491,490,484,480,480,471,471,469,468,466,466,464,462,460,460,455,455,453,453,451,450,443,440,440,440,436,436,435,432,431,429,428,425,415,413,412,412,409,406,404,404,403,403,403,403,402,400,397,396,393,393,391,391,389,
SKILLING JEFFREY K,jeff,thank,20,subject,enron,pm,cc,pleas,compani,messag,ani,survey,report,busi,would,may,forward,skill,inform,need,event,manag,help,sherri,know,like,network,jskillinpst,time,global,dinner,skillingcorpenronenron,call,jskillinnsf,regard,practic,also,communic,jeffskillingenroncom,mr,energi,ask,number,want,david,re,investig,one,kevin,mark,expens,us,erica,houston,knowledg,present,sent,attach,project,make,goal,look,email,discuss,get,turkish,murdock,work,learn,schedul,joanni,joe,member,copi,link,see,meet,globe,opportun,particip,use,futur,unit,activ,confidenti,john,jerri,confer,sera,macerich,analyst,follow,skillingcorpenron,p,current,harri,2001,let,new,oper,team,associ,sector,find,gama,monday,past,telephon,check,import,program,firm,click,school,complet,resum,mind,date,rotat,plan,attend,studi,pledg,best,ill,avail,think,srs,brief,error,compar,trakya,strict,offic,harvard,club,peopl,greg,group,well,direct,jame,offici,news,hbs,today,15,execut,simpli,bring,evalu,involv,featur,lead,great,actual,end,becaus,minut,im,ms150,rais,approv,tomorrow,take,begin,appropri,refer,aa,reserv,bureaucrat,go,michael,better,unabl,specif,topic,veri,research,experi,next,websit,j,respons,yes,save,way,invit,initi,year,axi,benefit,fax,guest,throughout,ethink,employe,hope,organ,howev,
 ,211,121,107,103,98,97,96,92,86,86,75,71,70,69,68,68,63,62,58,54,51,50,50,49,49,49,48,47,46,46,45,45,44,44,43,41,41,40,40,39,38,37,37,36,36,36,36,35,35,35,35,35,35,35,35,35,34,34,33,33,33,33,33,32,32,32,32,31,31,31,31,31,31,30,30,30,30,30,29,29,29,29,28,28,28,27,27,27,27,27,26,26,26,25,25,25,25,25,24,24,24,24,24,24,24,24,23,22,22,22,22,22,22,21,21,21,21,21,21,21,21,20,20,20,20,20,20,20,20,20,20,20,20,19,19,19,19,19,19,19,18,18,18,18,18,18,18,18,18,18,18,17,17,17,17,17,16,16,16,16,16,16,16,16,16,16,16,16,16,16,16,16,16,15,15,15,15,15,15,15,15,15,15,14,14,14,14,14,14,14,14,14,14,14,14,14,14,14,14,14,
RICE KENNETH D,espeak,enron,ethink,joe,password,log,communic,email,20,event,ask,sutton,ethinkenroncom,site,pleas,subject,ani,sent,first,requir,idea,time,account,talk,commod,futur,way,sign,address,forum,regist,today,want,share,enter,userid,interact,particip,ken,mark,varieti,invit,compani,houston,busi,use,peopl,begin,inform,friday,also,cc,person,know,announcementsenron,send,feedback,better,offic,minut,easi,applic,0909,j,financi,guy,john,need,earli,team,havent,past,worldwid,chang,tell,hold,join,hour,prompt,1,simpl,may,befor,930,break,barrier,keep,onto,oper,onc,one,alreadi,guest,2,copi,19,take,plan,impact,get,across,qa,innov,comment,schedul,immedi,intranet,develop,receiv,suggest,speaker,momentum,unit,encourag,within,automat,opportun,cowork,novemb,field,cliff,hedg,asian,staff,control,communicationsenron,work,david,ena,w,date,argentina,bueno,card,greg,posit,liz,parti,jeff,interest,holiday,air,jame,jeffrey,attorney,trust,banker,custom,link,pm,m,power,nymex,let,think,name,bob,direct,call,prepar,10,15,respond,3,altern,dorman,contact,4,specif,terri,june,signific,kate,diomed,everyoneeogdenv,veri,fastowhouectect,sherrickcorpenronenron,09mark,impli,ten,x31935,click,richard,cindi,net,peggi,fowlerenronenronxg,taylorenron,riceenron,30,gwhalleynsf,t20,olsoncorpenronenron,via,sanjay,skillingcorpenronenron,next,0255,relat,
 ,49,48,42,35,35,28,27,26,24,21,21,21,21,21,20,20,18,17,17,17,16,16,15,15,15,15,15,14,14,14,14,14,14,14,14,14,14,14,14,14,14,12,12,12,12,11,11,11,10,10,10,10,10,10,10,9,9,9,9,9,9,9,9,9,8,8,8,8,8,7,7,7,7,7,7,7,7,7,7,7,7,7,7,7,7,7,7,7,7,7,7,7,7,7,7,7,7,7,7,7,7,7,7,7,7,7,7,7,7,7,7,7,7,7,7,7,7,7,7,7,7,6,6,6,6,6,6,6,6,6,6,6,6,6,6,6,6,6,6,6,6,6,6,6,6,6,6,6,6,6,6,6,6,5,5,5,5,4,4,4,4,4,4,4,4,4,4,4,4,4,4,3,3,3,3,3,3,3,3,3,3,3,3,3,3,3,3,3,3,3,3,3,3,3,3,3,3,3,3,3,
LAY KENNETH L,enron,program,associateanalyst,compani,one,lay,subject,messag,work,continu,kenneth,2001,ken,manag,imag,jeff,employe,time,nonprivilegedpst,cindi,pleas,origin,ani,pm,sent,import,committe,peopl,see,rep,know,direct,trade,make,new,offic,provid,busi,ask,also,talent,cc,opportun,request,purpos,thank,mani,good,assist,believ,hr,would,call,valu,week,success,well,said,graduat,year,thing,onli,veri,remain,joe,want,best,vision,octob,recruit,creat,depart,person,forward,go,use,lead,leader,everi,left,group,take,better,18,develop,meet,write,email,like,told,mr,way,may,date,inform,talk,place,august,pictur,never,promot,ive,dont,supervisor,sheila,klay,need,becaus,seem,profession,first,money,rotat,process,asset,im,floor,receiv,current,help,get,author,world,colleagu,anoth,chairman,find,last,look,natur,lee,linda,bring,contribut,futur,enjoy,ever,network,john,listen,doe,three,right,support,sourc,behalf,prepar,quarter,contributor,given,2,prc,come,director,rosi,embed,thursday,feel,question,line,us,ago,rosale,could,singl,texa,hope,job,key,skill,metafil,growth,broad,campus,monday,1990,give,member,clariti,system,reassur,unchang,approach,guid,human,chair,worldwid,today,happen,principl,vote,silenc,memo,10,prospect,sutton,broadest,deadlin,sudden,baloney,
 ,156,106,64,57,53,45,38,38,37,37,34,32,32,31,31,31,30,28,28,27,27,26,26,26,26,25,25,24,24,24,24,23,23,22,21,21,21,21,21,21,21,21,20,20,20,20,20,20,19,19,19,18,18,18,18,18,18,17,17,17,17,17,17,17,17,16,16,16,16,16,16,16,16,16,16,16,16,16,15,15,15,15,14,14,14,14,14,14,14,13,13,13,13,13,13,13,13,13,13,12,12,12,12,12,12,12,12,11,11,11,11,11,11,11,10,10,10,10,10,10,10,10,10,10,10,10,10,10,10,10,10,10,10,10,10,9,9,9,9,9,9,9,9,9,9,9,9,9,9,9,9,9,9,9,9,9,9,9,9,9,9,9,9,9,9,9,9,9,9,9,9,9,9,9,9,8,8,8,8,8,8,8,8,8,8,8,8,8,8,8,8,8,8,8,8,8,8,8,8,8,
HANNON KEVIN P,enron,kevin,would,leadership,communic,like,know,hannonenron,communicationsenron,ken,jeff,case,subject,john,cornel,busi,travel,corpor,event,cc,thank,servic,school,control,pleas,manag,forward,email,week,review,time,date,comment,access,organ,march,leader,compani,want,point,opportun,ani,includ,cost,businesswid,outsid,think,save,activ,expens,refer,two,johnson,also,pm,confer,veri,hope,make,support,new,attach,memo,suzann,brown,believ,get,report,record,sent,let,use,agenc,issu,help,presid,one,need,profession,roll,sherri,chanc,call,mr,houston,could,american,studi,us,market,outlin,group,year,mani,well,lead,idea,made,possibl,2001,practic,2,altern,cant,june,tap,goal,1,may,given,060701,insur,give,less,ibuyit,hr,global,list,becom,chang,re,standard,someth,involv,sever,document,creat,probabl,focus,employe,india,becaus,still,late,much,legal,consider,steve,conduct,next,live,ford,express,lay,inform,dynam,28,discuss,continu,faculti,teach,thing,part,kind,recruit,propos,shot,pretti,112900,appreci,last,board,followup,present,speaker,student,intern,hannon,corn,carol,line,malik,request,test,wednesday,sign,via,obvious,kenneth,cours,6th,skeannsf,polici,good,anyth,realli,messag,biggest,greg,see,respons,close,committe,skill,question,regard,derrick,causey,work,prefer,
 ,147,115,74,68,62,55,53,51,50,50,50,48,46,45,45,45,43,41,40,40,38,38,36,36,35,35,35,34,33,32,32,31,31,30,30,30,30,29,28,28,28,27,27,26,26,26,26,26,25,25,25,24,24,24,24,24,23,23,23,23,22,22,22,21,21,21,21,21,21,20,20,20,20,20,20,20,20,20,20,20,19,18,18,18,18,18,18,18,18,17,17,17,17,17,17,17,17,17,17,17,16,16,16,16,16,15,15,15,15,15,15,15,15,15,15,15,14,14,14,14,14,14,14,14,14,14,14,14,13,13,13,13,13,13,13,13,12,12,12,12,12,12,12,12,12,12,12,12,12,12,12,12,12,12,12,12,12,12,12,12,12,12,12,12,12,12,12,12,12,12,12,12,12,12,11,11,11,11,11,11,11,11,11,11,11,11,11,11,11,11,11,11,11,11,11,11,11,10,10,10,
KOENIG MARK E,power,california,price,energi,market,electr,call,compani,generat,ferc,rate,would,util,cap,like,may,risk,first,think,new,mark,also,enron,subject,state,crisi,wholesal,ani,gas,stock,exposur,ene,receiv,forward,investor,financi,commission,duk,duke,1,earn,1h,secur,bankruptci,view,2,plant,hebert,cost,note,dyn,increas,posit,pm,propos,buy,manag,natur,competit,said,2001,research,issu,rei,control,could,cc,corpor,relat,profit,believ,sell,credit,analyst,suppli,us,summer,meet,dynegi,decis,still,pleas,prudenti,potenti,corp,address,thomson,3,week,sent,trade,impos,problem,updat,longterm,onli,oper,howev,4,firstcallnotestfncom,point,messag,time,expect,see,iso,sever,reserv,industri,favor,independ,confer,polici,one,materi,pge,less,bill,koenigcorpenron,doe,year,solut,solv,present,supplier,billion,appear,million,share,cash,ae,action,releas,regul,make,transact,subsidiari,high,houston,est,involv,result,interest,support,octob,group,given,reregul,creat,past,within,govern,net,spike,work,free,measur,right,current,requir,nile,5,invest,public,short,20,commod,sold,per,2002,skeannsf,republican,york,street,situat,origin,concern,coal,pcg,higher,use,tax,opportun,consum,decid,cpuc,contract,remain,base,annual,recent,nearterm,2000,whether,sale,cpn,number,although,comment,made,
 ,290,284,274,254,214,190,162,162,156,151,144,137,120,112,106,97,96,94,93,91,88,87,86,85,84,83,82,81,80,79,77,74,72,71,71,69,68,68,67,67,66,65,65,65,64,63,62,61,61,56,56,56,54,54,54,51,49,49,48,46,46,45,44,44,43,43,43,43,42,42,42,42,41,41,41,41,40,40,40,39,39,39,39,38,37,37,37,37,37,37,37,37,37,36,36,36,35,35,35,35,35,35,34,34,34,33,33,33,33,33,32,32,32,32,32,32,32,31,31,31,31,31,31,31,30,30,30,30,30,30,30,30,30,29,29,29,29,29,29,29,28,28,28,28,28,28,28,28,28,28,28,27,27,27,27,27,27,27,27,27,27,27,27,27,27,27,27,27,27,27,27,27,27,26,26,26,26,26,26,26,26,26,25,25,25,25,25,25,25,25,25,25,25,25,24,24,24,24,24,24,
RIEKER PAULA H,email,paula,enron,pleas,meet,board,thank,nonprivilegedpst,communic,pm,ani,statement,communicationsenron,review,corp,inform,call,kelli,confidenti,receiv,need,subject,execut,messag,question,assist,attach,blockbust,johnson,fax,notifi,forward,sent,contain,manag,ask,7138532534,discuss,2,tel,7138536485,time,today,may,cc,week,kellyjohnsonenroncom,origin,intend,ed,director,comment,would,m,busi,like,2001,ene,contract,follow,expect,richard,ken,immedi,david,deal,octob,1,recipi,plan,jeff,use,rieker,smidaenron,copi,sale,jr,media,rbuy,issu,committe,know,buy,pls,onli,abov,send,continu,mark,andor,energi,greg,join,updat,privileg,prohibit,provid,rick,confer,name,get,jderric,sender,return,session,tuesday,answer,system,dissemin,individu,advis,delet,set,schedul,herein,agenda,novemb,monday,notic,herebi,make,room,note,3,veri,friday,put,see,error,chang,organ,project,team,jim,jeffrey,version,via,riekercorpenronenron,mcmahon,assum,jame,tim,bod,file,13002pst,differ,also,us,steve,befor,offic,respons,avail,consid,one,cash,regard,number,bowen,bg,agreement,includ,next,klay,releas,fyi,new,said,much,contact,item,market,date,lunch,document,someon,earli,complianc,derrick,louis,held,particip,person,sinc,investor,frank,raymond,broad,slide,risk,look,even,recommend,minut,ray,extend,three,offer,word,sign,
 ,123,84,77,71,67,64,59,59,56,56,55,52,42,42,40,38,37,37,36,35,35,35,34,33,31,30,30,30,29,29,29,29,29,29,27,27,26,26,26,26,26,25,25,25,25,25,25,24,24,24,24,24,23,23,23,23,22,21,21,21,21,20,20,20,19,19,19,19,19,19,19,19,18,18,18,18,18,18,18,18,18,18,18,17,17,17,17,16,16,16,16,16,15,15,15,15,15,15,15,15,15,15,15,15,15,15,14,14,14,14,14,14,14,14,14,14,14,14,13,13,13,13,13,13,13,13,13,13,13,13,13,12,12,12,12,12,12,12,12,11,11,11,11,11,11,11,11,11,11,10,10,10,10,10,10,10,10,10,10,10,10,10,10,10,10,10,9,9,9,9,9,9,9,9,9,9,9,9,9,9,9,9,9,9,9,9,9,9,9,8,8,8,8,8,8,8,8,8,8,8,
BOWEN JR RAYMOND M,enron,2001,ray,john,subject,march,trip,sent,raymond,david,ski,jeffrey,pleas,bowen,ani,cash,w,program,compani,busi,mark,wed,februari,date,cc,unit,inform,origin,week,corp,custom,nonprivilegedpst,alloc,messag,regard,decemb,louis,meet,h,review,jr,servic,dori,must,thank,l,21,includ,j,daili,new,would,approv,13,payment,committe,pm,manag,question,file,request,budget,2,memo,provid,project,need,see,3,delainey,sun,4,wwwblackberrynet,sat,coordin,11302000,handheld,discuss,enaegmeim,11,scott,kitchen,mike,bowenhouectect,make,blackberri,wireless,congratul,us,tim,want,georg,order,kevin,plan,prepetit,flow,sale,requir,greg,approach,fund,effect,disburs,wes,peter,d,support,novemb,rob,per,behalf,direct,peopl,trade,mcmahon,well,america,c,6,dave,aig,market,gari,go,privat,wednesday,appear,let,eim,massag,asset,beaver,lavoratocorpenronenron,1,issu,entiti,group,brian,28,perkin,year,energi,canada,rc,mcconnellhouectect,friday,number,one,night,season,dash,14,person,also,preliminari,particip,transact,rick,vinc,frevertnaenronenron,mari,andrew,eric,chang,janet,7,5,know,creek,shankmanhouectect,cost,dinner,bankruptci,2702pst,function,book,mcmahonhouectect,cater,experienc,e,inc,fax,veri,michael,item,two,next,effort,wasaff,control,process,oper,polici,reason,keohan,sharon,attach,17,r,
 ,36,35,32,25,25,25,24,23,22,21,21,21,20,19,19,19,19,18,18,18,18,18,18,17,17,16,15,15,15,15,15,14,14,14,14,14,13,13,13,13,13,12,12,12,12,12,12,12,12,12,11,11,11,11,11,11,11,11,11,11,11,10,10,10,10,10,10,10,10,10,9,9,9,9,9,9,9,9,9,9,9,9,9,9,9,9,9,9,9,9,8,8,8,8,8,8,8,8,8,8,8,8,8,8,8,8,8,8,8,7,7,7,7,7,7,7,7,7,7,7,7,7,7,7,6,6,6,6,6,6,6,6,6,6,6,6,6,6,6,6,6,6,6,6,6,6,6,6,6,6,6,6,6,6,6,6,6,6,6,6,6,6,6,6,6,6,6,6,6,6,6,6,6,6,6,6,6,6,6,6,6,6,5,5,5,5,5,5,5,5,5,5,5,5,5,5,5,5,5,5,
SHELBY REX,enron,rex,meet,mark,jeff,work,20,agreement,compani,thank,forward,i2,need,greg,time,would,also,call,ani,nda,team,look,sun,plan,subject,role,demo,offlin,andi,review,tibco,board,2001,today,get,deal,softwar,best,sungard,great,draft,cc,legal,execut,palmer,0909,sign,technolog,one,ann,shelbi,clear,zipper,updat,ibm,pleas,houston,network,attach,contact,jay,want,offic,regard,oracl,readi,us,file,inc,direct,market,continu,eb,messag,contract,success,hello,thursday,origin,issu,group,status,discuss,know,sent,713,chief,week,like,oper,provid,minut,last,commerci,complet,corpor,announc,counsel,go,new,ceo,number,john,15,structur,9am,see,schedul,tuesday,make,includ,pm,sale,peter,list,valu,chang,next,employe,david,interact,propos,sap,c,01232001,communic,re,friday,risk,pleasur,process,1,may,help,good,andypst,initi,year,ask,retain,done,relationship,greenberg,busi,soon,throughout,opportun,idea,congratul,certain,monday,past,let,vbn,xceler,give,effort,accept,februari,expect,presid,first,differ,memo,channel,mtaylornsf,microsoft,ip,skill,subgroup,assum,worldwid,develop,audit,shelbyenron,copi,applic,manag,global,piper,remain,reuter,place,tomorrow,posit,chairman,fowler,hope,possibl,come,addit,everyon,bob,layenron,30,growth,hear,al,futur,gp,
 ,76,69,61,56,53,45,44,44,38,38,36,33,32,30,30,29,29,28,28,28,27,27,26,26,26,25,24,24,24,24,24,24,24,22,22,22,21,20,20,19,19,19,19,18,18,18,17,17,17,17,17,17,17,17,16,16,16,16,16,16,16,15,15,15,15,15,15,15,15,14,14,14,14,14,14,14,14,13,13,13,13,13,13,13,12,12,12,12,12,12,12,12,12,12,12,12,12,12,11,11,11,11,11,11,11,11,11,11,11,11,11,11,11,11,10,10,10,10,10,10,10,10,10,10,10,10,9,9,9,9,9,9,9,9,9,9,9,9,9,9,9,9,9,9,9,9,9,9,9,9,9,8,8,8,8,8,8,8,8,8,8,8,8,8,8,8,8,8,8,8,8,8,8,8,8,8,8,8,7,7,7,7,7,7,7,7,7,7,7,7,7,7,7,7,7,7,7,7,7,6,
CAUSEY RICHARD A,enron,20,would,busi,support,subject,action,cc,thank,issu,richard,know,oper,offic,barri,need,rick,pleas,plan,interview,meet,may,work,school,mark,obsf,year,lexi,requir,salli,fernley,pm,2001,account,get,match,follow,trade,us,1,opportun,causeycorpenronenron,discuss,forward,interest,ani,london,sbecknsf,recruit,mike,2,candid,fall,updat,re,gift,communic,time,as400,think,posit,deadlin,internship,ted,believ,provid,addit,mccomb,also,complet,includ,facil,analyst,possibl,full,compani,last,ut,contribut,univers,effort,asap,let,like,john,particip,go,sent,product,concern,review,resourc,beckhouectect,process,houston,well,function,howev,make,team,current,peopl,cash,aa,w,spring,e,global,bob,onli,week,point,great,david,suggest,develop,month,part,receiv,inform,europ,see,abov,messag,attach,relat,skill,level,veri,look,chang,control,determin,email,wednesday,02092001,open,report,signific,note,3,regard,alumni,system,give,thing,respons,particular,way,origin,andrew,manag,coordin,present,audit,jeff,repres,agre,continu,one,activ,document,director,summer,5,program,back,view,metal,intern,o,dinner,consid,capit,million,place,buyhouectect,balanc,sap,take,find,could,hope,lead,detail,even,call,must,elliott,focus,name,given,prc,associ,question,michael,austin,room,alreadi,result,
 ,110,108,86,71,69,67,66,63,62,60,58,56,55,54,54,54,52,52,51,50,50,49,47,46,45,45,44,44,39,39,38,37,37,37,36,36,35,35,35,35,34,34,34,34,33,33,32,32,32,32,31,31,31,30,30,30,30,30,30,30,30,30,30,30,30,29,29,29,29,28,28,28,27,27,27,27,27,27,27,26,26,26,26,26,25,25,25,25,24,24,24,24,24,24,24,24,24,23,23,23,23,23,23,23,23,23,23,22,22,22,22,22,22,22,21,21,21,21,20,20,20,20,20,20,20,19,19,19,19,19,19,19,19,19,18,18,18,18,18,18,18,18,18,18,17,17,17,17,17,17,17,17,17,17,17,17,16,16,16,16,16,16,16,16,16,16,16,16,15,15,15,15,15,15,15,15,15,15,15,15,15,15,15,15,15,14,14,14,14,14,14,14,14,14,14,14,14,13,13,13,
BELDEN TIMOTHY N,tim,price,market,ani,would,enron,time,peopl,cap,power,trade,inform,pleas,california,work,email,need,know,subject,deal,iso,day,like,meet,file,forward,hour,us,pm,get,ferc,epmi,desk,0,term,week,want,new,busi,sent,belden,think,go,cc,group,last,make,dont,messag,may,load,respons,document,year,question,delet,month,polici,order,offic,west,schedul,short,john,receiv,one,px,floor,thank,report,copi,let,issu,2001,origin,next,provid,20,1,manag,chris,portland,chang,use,continu,risk,p,regard,help,take,2,person,employe,follow,energi,servic,also,total,hard,real,team,base,current,3,louis,system,ub,attach,custom,contract,long,beldenhouectect,greg,move,posit,post,62602pst,right,cours,state,whether,call,two,offer,discuss,jeff,see,mani,data,process,look,general,enpow,dure,cost,propos,steve,beldenhouect,4,befor,date,requir,bid,list,clear,could,januari,particip,first,transact,indic,kitchen,place,cash,veri,thing,mark,investig,way,compani,purchas,ask,communic,done,everyon,today,updat,sure,come,attend,addit,5,relat,spreadsheet,coupl,bill,reserv,2000,mike,re,comment,util,point,made,letter,calger,believ,matter,northwest,fact,rate,interest,valu,demand,monday,final,j,electron,kate,novemb,
 ,556,550,530,499,395,382,367,362,350,340,317,312,311,302,298,296,289,286,284,283,267,267,255,251,251,249,237,235,233,232,227,215,211,210,210,199,198,194,192,186,186,180,178,177,177,176,175,175,175,174,168,167,165,162,159,158,158,158,157,157,153,153,153,152,152,151,151,150,150,147,146,145,145,144,144,141,141,140,138,136,135,134,133,131,130,129,128,128,127,126,125,124,124,123,120,119,118,118,118,117,115,115,114,114,114,112,111,111,110,108,108,108,107,106,106,104,104,103,103,102,102,101,101,100,100,100,99,97,96,96,96,96,95,95,95,95,95,94,94,94,93,93,93,92,92,91,91,91,91,90,90,90,90,90,89,89,89,89,88,87,87,87,87,87,87,87,85,85,85,85,85,84,83,83,83,82,81,81,81,80,80,80,80,80,79,79,79,79,79,78,78,78,78,77,77,76,76,76,75,75,
COLWELL WESLEY,wes,subject,2001,would,cc,meet,newalb,origin,enron,sent,messag,louis,pm,account,entiti,pay,pleas,colwel,cost,may,year,take,discuss,ani,book,kitchen,payment,turbin,mark,want,transact,thank,know,bridgelin,week,follow,kevin,get,assum,9,market,report,question,valu,ena,issu,return,one,ben,hodg,need,respons,point,2702pst,theresa,next,asset,power,due,westinghous,team,plant,provid,price,set,contract,receiv,june,us,5,shall,relat,1,john,greg,flow,commerci,expens,deal,colwellhouectect,transfer,georgann,fw,think,posit,dash,contact,howev,fund,steve,wednesday,amount,recommend,process,move,still,mtm,40,re,current,send,updat,carri,rebook,done,doe,busi,requir,see,reserv,tuesday,understand,look,incom,develop,audit,around,refer,jodi,tim,hedg,let,unit,pierc,control,contempl,vos,attend,alloc,allow,oper,good,expect,friday,base,david,note,hope,14,email,document,day,mauricio,confirm,per,wade,forward,criteria,invest,april,request,new,credit,hour,cover,fulli,ask,could,acctg,w,dont,2,methodolog,begin,disagre,underwrit,sold,author,suppli,vs,complet,spent,thought,also,loss,like,includ,calm,whether,depreci,creat,monday,2002,go,918,global,prestohouectect,deleg,gwhalleynsf,mechell,flat,befor,496,offic,jacobi,409,non,0844,12112000,thing,
 ,78,53,44,43,43,42,42,41,36,35,35,31,27,26,26,25,25,25,24,24,24,24,23,23,23,22,22,22,21,20,20,20,20,19,19,18,18,18,18,18,18,17,17,16,16,15,15,15,15,15,15,15,15,15,14,14,14,14,14,14,13,13,13,13,13,13,13,13,13,13,12,12,12,12,12,12,12,12,12,12,12,11,11,11,11,11,11,11,11,10,10,10,10,10,10,10,10,10,9,9,9,9,9,9,9,9,9,9,9,9,9,9,9,9,9,9,9,9,9,9,8,8,8,8,8,8,8,8,8,8,8,8,8,8,8,8,8,8,8,8,8,8,8,8,8,8,8,8,8,7,7,7,7,7,7,7,7,7,7,7,7,7,7,7,7,7,7,7,7,7,7,7,7,7,7,7,7,7,7,7,7,7,7,6,6,6,6,6,6,6,6,6,6,6,6,6,6,6,6,6,
combined counts,pleas,enron,ani,subject,cc,pm,one,need,also,busi,know,sent,new,would,meet,1,may,thank,john,week,like,manag,call,us,2001,compani,origin,make,year,messag,2,get,see,jeff,mark,forward,time,veri,team,let,market,next,work,want,david,issu,offic,think,attach,discuss,go,chang,use,inform,20,oper,provid,posit,greg,email,group,look,receiv,regard,communic,cost,ask,date,trade,continu,re,could,take,requir,respons,3,opportun,question,includ,follow,current,today,peopl,process,updat,energi,plan,sale,houston,report,review,last,schedul,develop,support,j,monday,risk,louis,direct,
 ,13,13,13,13,13,13,12,12,12,12,12,11,11,11,11,11,11,11,11,11,11,11,11,11,11,10,10,10,10,10,10,10,10,10,10,10,10,9,9,9,9,9,9,9,9,9,9,9,9,9,8,8,8,8,8,8,8,8,8,8,8,8,8,8,8,7,7,7,7,7,7,7,7,7,7,7,7,7,7,6,6,6,6,6,6,6,6,6,6,6,6,6,6,6,6,6,6,5,5,5,